Threshold,Precision,Recall,F1,Flagged_Count,Flagged_Rate
0.1,0.5508715759516186,0.9771771140092553,0.7045575187684842,16866,0.5811853893866299
0.11,0.5623367948017247,0.9739167017248632,0.7129932627526467,16467,0.5674362508614749
0.12,0.5743382123948926,0.9698148927219183,0.7214333215976215,16055,0.5532391454169538
0.13,0.58765131621085,0.9649768615902398,0.7304645515703992,15613,0.5380082701585114
0.13999999999999999,0.6005794429446237,0.9592974337400084,0.7386920429236687,15187,0.523328738800827
0.14999999999999997,0.6125396504015658,0.9545645771981489,0.7462281603288797,14817,0.510578911095796
0.15999999999999998,0.6255109817778701,0.9495161968868321,0.7541873773025354,14433,0.49734665747760165
0.16999999999999998,0.6372096327342474,0.9434160706773244,0.7606529573881704,14077,0.48507925568573396
0.17999999999999997,0.6497628602699744,0.9365797223390829,0.7672424934304054,13705,0.4722605099931082
0.18999999999999995,0.6624027528426092,0.9313209928481279,0.7741738066095472,13368,0.46064782908339075
0.19999999999999996,0.6728371452612254,0.9251156920488011,0.779062043310748,13073,0.45048242591316334
0.20999999999999996,0.6842477042618319,0.9169120740429112,0.7836756708166659,12741,0.4390420399724328
0.21999999999999995,0.6959595148204675,0.9112326461926799,0.7891788495696134,12449,0.4289800137835975
0.22999999999999995,0.7055058669073603,0.9042911232646192,0.7926250288084812,12187,0.4199517574086837
0.23999999999999994,0.7148480026798426,0.8977702986958351,0.7959345424029092,11941,0.4114748449345279
0.24999999999999992,0.723435101483882,0.8921960454354227,0.7990016012056136,11726,0.404066161268091
0.2599999999999999,0.7349198047419805,0.8867269667648296,0.80371782650143,11472,0.39531357684355617
0.2699999999999999,0.7444256906813538,0.8813630626840555,0.8071273777991813,11257,0.38790489317711924
0.2799999999999999,0.7534803832941602,0.876630206142196,0.8104035002430724,11062,0.38118538938662994
0.2899999999999999,0.762070864696163,0.8731594446781658,0.8138417802176258,10894,0.3753962784286699
0.29999999999999993,0.7693812896011927,0.8684265881363062,0.8159090909090909,10732,0.3698139214334941
0.30999999999999994,0.7752098858598245,0.8643247791333614,0.8173454672037396,10601,0.36529979324603723
0.3199999999999999,0.78316253232449,0.8600126209507782,0.8197904656875031,10441,0.35978635423845623
0.32999999999999985,0.7894481150408084,0.8545435422801851,0.8207070707070707,10292,0.35465196416264644
0.33999999999999986,0.7965167765423595,0.8513883045856121,0.8230389914086726,10163,0.3502067539627843
0.34999999999999987,0.8021550434001796,0.8456037021455617,0.8233065383236905,10023,0.3453824948311509
0.3599999999999999,0.8068743070255014,0.8419225915018932,0.8240259406042514,9921,0.3418676774638181
0.3699999999999999,0.8115529339977626,0.8392932267564156,0.8251900108577633,9833,0.3388352860096485
0.3799999999999999,0.8159275645642556,0.8340344972654606,0.8248816768086545,9719,0.3349069607167471
0.3899999999999999,0.8202305535361928,0.8306689103912495,0.8254167319851596,9629,0.3318056512749828
0.3999999999999998,0.8242023509655751,0.82593605384939,0.8250682916579113,9528,0.3283252929014473
0.4099999999999998,0.8270859805167302,0.8215187210769878,0.8242929506120726,9444,0.32543073742246725
0.4199999999999998,0.8315699476327882,0.8183634833824148,0.8249138616485555,9357,0.3224328049620951
0.4299999999999998,0.8354730823174021,0.8144720235591081,0.824838898652607,9269,0.3194004135079256
0.43999999999999984,0.8390854654327708,0.8105805637358015,0.8245867437008506,9185,0.31650585802894554
0.44999999999999984,0.8428163444639719,0.807004627681952,0.824521813883516,9104,0.3137146795313577
0.45999999999999985,0.8474595074328822,0.8034286916281026,0.8248569268977433,9014,0.3106133700895934
0.46999999999999986,0.8489112227805695,0.799537231804796,0.8234848074527433,8955,0.3085802894555479
0.47999999999999976,0.8524184476940383,0.7970130416491376,0.8237851940428308,8890,0.30634045485871814
0.48999999999999977,0.8555215072069005,0.7928060580563736,0.822970686172826,8811,0.303618194348725
0.4999999999999998,0.8579746546409407,0.7903870424905343,0.8227952044670718,8759,0.3018263266712612
0.5099999999999998,0.8612070951393688,0.7863904080774085,0.8221000549752612,8682,0.29917298414886284
0.5199999999999998,0.8642176238084166,0.7818679007151872,0.8209828823854224,8602,0.29641626464507237
0.5299999999999998,0.8680996006577402,0.7773453933529659,0.8202197314393519,8514,0.2933838731909028
0.5399999999999998,0.8717827066777369,0.7730332351703828,0.8194436702157311,8431,0.2905237767057202
0.5499999999999998,0.8752991862134993,0.7692469499368952,0.8188535602328706,8356,0.2879393521709166
0.5599999999999997,0.8775042239922761,0.764724442574674,0.817241766887715,8286,0.28552722260509994
0.5699999999999997,0.8802096027297099,0.7596760622633572,0.8155131534379587,8206,0.28277050310130947
0.5799999999999997,0.8836722119531731,0.754206983592764,0.8138228451455485,8115,0.2796347346657478
0.5899999999999997,0.8884307846076962,0.747896508203618,0.8121288259479215,8004,0.2758097863542385
0.5999999999999998,0.892354507417269,0.7402187631468238,0.8091980454153492,7887,0.27177808407994486
0.6099999999999998,0.8953503266299475,0.735170382835507,0.8073924343055154,7807,0.2690213645761544
0.6199999999999998,0.8992338657317231,0.7283340344972654,0.8048114358765762,7701,0.265368711233632
0.6299999999999997,0.9016177824542944,0.7209718132099285,0.8012389690842149,7603,0.2619917298414886
0.6399999999999997,0.9056906224953246,0.713083718973496,0.7979286807108391,7486,0.25796002756719505
0.6499999999999997,0.908683245006115,0.7033024821203198,0.7929092310428648,7359,0.2535837353549276
0.6599999999999997,0.9126293995859214,0.6954143878838872,0.789351160986092,7245,0.24965541006202618
0.6699999999999997,0.9153135498320268,0.687736642827093,0.7853711265914004,7144,0.2461750516884907
0.6799999999999997,0.9172354948805461,0.6783761043331931,0.7799274486094316,7032,0.242315644383184
0.6899999999999997,0.9208006962576153,0.6676482961716449,0.7740519448847701,6894,0.23756030323914543
0.6999999999999996,0.9266123054114158,0.6573411863693731,0.7690887836091799,6745,0.23242591316333563
0.7099999999999996,0.9298881837413115,0.6472444257467396,0.7632394890239365,6618,0.22804962095106823
0.7199999999999996,0.9329004329004329,0.6346234749684476,0.7553830746119179,6468,0.22288077188146105
0.7299999999999996,0.9375297288726812,0.6218973496003366,0.7477711033828643,6307,0.2173328738800827
0.7399999999999997,0.9410331384015594,0.6092763988220445,0.7396578140960164,6156,0.21212956581667816
0.7499999999999997,0.9480563002680965,0.5950778291964661,0.7311966916515895,5968,0.2056512749827705
0.7599999999999997,0.9543956996705393,0.5788809423643247,0.7206546644844517,5767,0.1987250172294969
0.7699999999999997,0.9584073942410238,0.5671013883045856,0.7125677282939078,5626,0.19386629910406616
0.7799999999999997,0.9643840646227281,0.5524821203197308,0.7025075225677031,5447,0.18769813921433495
0.7899999999999996,0.9703269703269704,0.5399663441312579,0.6938306642340699,5291,0.1823225361819435
0.7999999999999996,0.9732421875,0.5240849810685738,0.6812961443806399,5120,0.17643004824259131
0.8099999999999996,0.9776974080771549,0.5117795540597392,0.6718674490852606,4977,0.17150241212956582
0.8199999999999996,0.980546357615894,0.4983172065628944,0.6608089260808926,4832,0.16650585802894555
0.8299999999999996,0.9827402514383123,0.48506520824568783,0.6495317231180903,4693,0.16171605789110957
0.8399999999999996,0.9856209150326798,0.47580984434160706,0.6417931621506596,4590,0.15816678152997932
0.8499999999999996,0.9885573255553063,0.4633992427429533,0.6310060866451844,4457,0.15358373535492764
0.8599999999999995,0.9908256880733946,0.4543542280185107,0.623017017594462,4360,0.15024121295658166
0.8699999999999996,0.9937018894331701,0.44804375262936474,0.617615077926785,4287,0.14772570640937285
0.8799999999999996,0.9954534577650156,0.43752629364745477,0.6078760867976912,4179,0.1440041350792557
0.8899999999999996,0.9960591133004926,0.4253260412284392,0.5961084905660378,4060,0.13990351481736732
0.8999999999999996,0.9964539007092199,0.41375683634833826,0.5847205707491082,3948,0.13604410751206064
